"['﻿client_id', 'path', 'sentence', 'up_votes', 'down_votes', 'age', 'gender', 'accents', 'locale', 'segment']"
015c8c251a2bd7bafc44574804c976c00ad0fe88f8254f61ef82d1c5a3c8eb66e7c6c8a6e76f6fd476d4670003092aa0868f33837f740cce9dc9ca36fc5a1869,common_voice_en_20305491.mp3,The Thames Chase Joint Committee oversees development of the community forest.,2,1,teens,male,New Zealand English,en,
2340d9f5821283c6cf78e56086b80a832b58e109f9256784dfaeade1fcfefc54f96cc9eeb4a36f127342aafd369ca6ac1651ed85240e04b85c5581aa3ab1ab2e,common_voice_en_26792068.mp3,She saw action in the Quasi-War.,2,0,,,New Zealand English,en,
8a7dd4f47a387628bffe94acaa5157243c890f3f22b936d2568ed54ba5db68ea3c5b697077e60098dc42a40b3936df09572d8fdbb84cd71ba089ffb89c479e72,common_voice_en_19974714.mp3,The type of guidance depends on the type of target.,2,0,fourties,male,New Zealand English,en,
e09d8ec1745d66ed96b0c887361edd50d9a2b8a5eee99e31a3e760a24f002b8de5d86e1ffe300c808a381a435216aed30dfb8ec4eabe96745b067d635ea91593,common_voice_en_19606952.mp3,I shall write no more!,2,1,thirties,male,New Zealand English,en,
5b9aa9ebb993cbe5732f21a62be62de05e52da54707b1799b0bf35df27b0c154cc8b7f905d97a3774bd23ea8f1e41ed0dcfe9528f336f518cb58214412f55ddb,common_voice_en_29742005.mp3,"He is buried in Saint Andrew's Churchyard, Kingsbury, London.",2,0,thirties,female,New Zealand English,en,
bacc68100e290b0c4fbb694580dacd38ea7c574d47425864186359791aef52828b54077da1cfaaa267184557ad7a0792f06592af8a599449b9a3bf540ca138a4,common_voice_en_20288490.mp3,The ooze was colored red by iron from hydrothermal springs.,2,0,thirties,male,New Zealand English,en,
453b709814056fbfb4499b26a90e16aec01e077432e56f163e42d0954f07caf2a54549dbeed3b3e09cea973c522101d905ad9952f200bb2bb97f2571ed09b6f0,common_voice_en_19962234.mp3,It was organized by the Pasadena Junior Chamber of Commerce.,2,0,teens,male,New Zealand English,en,
8767a481338c6d3bcc0535c88bbe7eff40a5feb8553d07bb92c722be1f26a4411c4a6b9b23b1b1c8881fbc5a5c73beb090ce6fa96f7edcd2915f048ae732ca7e,common_voice_en_18344814.mp3,"By golly, the boy wins.",2,0,teens,male,New Zealand English,en,
2dd6389b7492bc3178e1e38420152c52c8443893dc356571969589086728e02721969945229e335f7111c019281ad02fef47f2ce00e043e53b62bbc5e007835a,common_voice_en_18496989.mp3,I was trained in the dark arts of assembly coding.,2,0,teens,male,New Zealand English,en,
09cf14962a4dff486a170cb77024d1acadb47c842839f6c0b3a81582374792c476895ac521f2a656112d083fcb037ffb4d5bbfe8617594ed691e22efe7645aff,common_voice_en_26997488.mp3,"He referred to Enoch Powell as ""The Prophet"".",2,0,fourties,male,New Zealand English,en,
36d62842c6f3678957962d26237a5a7c16962509aabd44635cc4802b324578478b9416c6eb3bc38e539bc5fb027fe49b0c6df3ec1c7b999dbfd1ac190ff595f6,common_voice_en_20284778.mp3,The soundtrack became a chartbuster upon release and was highly acclaimed.,2,0,thirties,male,New Zealand English,en,
6a154d4dbe2d9e7f48ab7b95f9bb2ac4bb8e70b28489a0178beb142c905e4570ec2516d8fffe7358352aad96205104d6922095a28bae35a30a2dc90fc59ad3d2,common_voice_en_27560852.mp3,She has a rude awakening upon arriving in boot camp.,2,0,,,New Zealand English,en,
dc8a782284c1801bb42241ff0a70b1db67f8cefcc9823146c278278b1d7cfcef869d1f321ffb93c3e16c092c0a0ef3efc29bac7b81f6d22cd31070f2ae0cca1f,common_voice_en_20562385.mp3,The membrane has many nerve endings packed with mitochondria.,3,0,thirties,male,New Zealand English,en,
0e3d689e7417fe08666b042bca46fd3c31b5305fc18b589075490b0fae6713f26397727f625ddbc78150dd99435aeaa5f3b9703d12046607ac88caa60a8e50ea,common_voice_en_141402.mp3,Two children playing in the snow near a stack of logs.,2,0,twenties,male,New Zealand English,en,
25efdda73f912f5bcd2e338d9bf391bec3f3a7895a90c0200fee641c6664029a64df06539054974bc7ea7bfef53fcbb6450477cd04c5e14fb95d43d2b18f3619,common_voice_en_23893312.mp3,Historically the Nogat River divides East Prussia and West Prussia.,2,0,twenties,male,New Zealand English,en,
43e6823e520d3b3f2a3c9c9b2ffc78a613669019ec991a31b5e437a6c77c2dd7f11e6a7f078f2dd1044423d9e10d15b4ea34d675d3e2552a79f3eb81b2330398,common_voice_en_19597593.mp3,Cilla Black introduced and closed each show by singing a theme song.,2,0,thirties,female,New Zealand English,en,
60a03ce960d8663870435150c5593130bb2a47e0d761360d74f8e8815e40222d939d0b589d6e7f65097329c73c03edc507abeebce684771fad7950170d11d73c,common_voice_en_24569297.mp3,Many parishes have been created since then.,2,0,fourties,male,New Zealand English,en,
828353e098ca68d2fd0f4a3753be57de973354b2d281f49aa841a06b4f5e6cccf0bff413988a82dcf925d7f339d0982ff8756001ed7e765bda309bae869bd0a2,common_voice_en_22708435.mp3,This is seen in the disagreement between scholars.,2,0,twenties,other,New Zealand English,en,
72fa4494c0ae90905d3e7b046cced92d9dfd9a1dfe7bd6b417b25b624c3ede012ea9f4347190f7df632505485b9b85aee0eab6012f82eedcede303e47450e7d7,common_voice_en_18567526.mp3,I thought of it too.,2,0,fourties,male,New Zealand English,en,
a1587d66b475d8e71aaeca7b88a7447084e771f335a2033cd83f354f9249fd0b82f66f33e9f3f0f5f44f0900225793d94e8e9f4895827654d7b6b8a6e75b1c47,common_voice_en_18977855.mp3,"Here, Larrain learned to use the camera to create pictures that magnified emotions.",2,0,sixties,female,New Zealand English,en,
ddef54c141bd37650eccb6ffad6e1b02ceb14559cae7af7df5f9cd81029cada768c7d25b12365f928b737f52f67b052de90c908a7dafc579eeb494e063fdabce,common_voice_en_20176986.mp3,Gold discoveries continued to trigger violent conflict between prospectores and indigenous peoples.,2,0,thirties,male,New Zealand English,en,
3b237bba01393e6235dbdc640585a34c82729b47196cdcc55a1978daba6e30e514e9c678d1e66eab32cd04c63e05e84821d187415be1104602324d5060852929,common_voice_en_18530338.mp3,"Summon me anywhere, and I will come.",2,0,thirties,male,New Zealand English,en,
3b237bba01393e6235dbdc640585a34c82729b47196cdcc55a1978daba6e30e514e9c678d1e66eab32cd04c63e05e84821d187415be1104602324d5060852929,common_voice_en_19717654.mp3,"Allison was born and raised in Columbia, South Carolina.",2,0,thirties,male,New Zealand English,en,
c8bbada84aa45fc115f25a701e6d221349713fd158bed4d7858ada8c4de0b0592855cb2eed233ffe77316b6d92d44e8346975f359d8ff6709b5f8438dee8e36f,common_voice_en_20029533.mp3,It holds open submission exhibitions for members and guest artists.,2,0,sixties,male,New Zealand English,en,
ba42879127bcb1f47a956503dad434efb633283ddd05b9deda36f6947e9ae9b452a5c42410610787c53e8eea1a85e4758fd7910e5122fc1732d37685bd5930bd,common_voice_en_22443856.mp3,He was entrusted with other offices calling for vigour of action and practical wisdom.,2,0,twenties,male,New Zealand English,en,
71b818291a275171e463b4b548297664cab8f876548337dff357ef4e4ec4917e1b59cc63c17cb722db55973f60abe5bb50a08cf216cd9ecb9de8675663978cb6,common_voice_en_20048846.mp3,In June the group had their first Annual Meeting with eighteen people in attendance.,2,0,twenties,,New Zealand English,en,
71b818291a275171e463b4b548297664cab8f876548337dff357ef4e4ec4917e1b59cc63c17cb722db55973f60abe5bb50a08cf216cd9ecb9de8675663978cb6,common_voice_en_20049289.mp3,"It is broadcast from Finland, where the advertising laws are more liberal.",2,0,twenties,,New Zealand English,en,
4af3b2189462c70ad3b509528750ec267c00ebd3551c6019509ba957f71c38d486b0b54d4f5f8d53414b7e80629253b65d85f5c6f9fe1914f7762897217aec1e,common_voice_en_22214321.mp3,These represent alternating current which can be used to power a load.,2,1,fifties,male,New Zealand English,en,
269ce5fab1bf0a9f1141bb9fdaf5ee1eb35a6d23a2084d9df301969435b3ba9a525db49c0fb31d1f9a72d235f0db8928af3fda4bad43f24a0c7d7b2613e5e305,common_voice_en_22749671.mp3,Early air conditioner units used water to cool the condenser.,2,0,twenties,female,New Zealand English,en,
269ce5fab1bf0a9f1141bb9fdaf5ee1eb35a6d23a2084d9df301969435b3ba9a525db49c0fb31d1f9a72d235f0db8928af3fda4bad43f24a0c7d7b2613e5e305,common_voice_en_22749696.mp3,"Scott also runs FileLight dot com, a large shareware download site.",3,0,twenties,female,New Zealand English,en,
1af40872fc43312c59a335df9c994c594b2cad554a8263b010359e8c75912ae712c6b73930a2adbd3a860d5ec5fa4a276b4b06dd96f461dffa716fc54a2c1294,common_voice_en_24908806.mp3,He is one of the pioneers of rap and hip-hop culture in Poland.,3,0,thirties,male,New Zealand English,en,
1af40872fc43312c59a335df9c994c594b2cad554a8263b010359e8c75912ae712c6b73930a2adbd3a860d5ec5fa4a276b4b06dd96f461dffa716fc54a2c1294,common_voice_en_24957159.mp3,"The north end of the lake is swampy, making navigation with a motorboat difficult.",2,0,thirties,male,New Zealand English,en,
2389216bfce4a1e438030cf4d78eaab120a8e0c7a42f3cd200e1f852dca7fa86f0e53c777df70e6fbfaf9cea2a4d67558a59a1ede957e0db60350418402642a6,common_voice_en_23830005.mp3,Many commercial websites also offer this service at a charge.,2,0,fifties,male,New Zealand English,en,
2389216bfce4a1e438030cf4d78eaab120a8e0c7a42f3cd200e1f852dca7fa86f0e53c777df70e6fbfaf9cea2a4d67558a59a1ede957e0db60350418402642a6,common_voice_en_23846356.mp3,"""Black Hawk"" was a name that Brigham Young, in jest, called the Ute leader.",2,0,fifties,male,New Zealand English,en,
2389216bfce4a1e438030cf4d78eaab120a8e0c7a42f3cd200e1f852dca7fa86f0e53c777df70e6fbfaf9cea2a4d67558a59a1ede957e0db60350418402642a6,common_voice_en_23846398.mp3,"Where some things are completely different, and other things are about the same.",2,0,fifties,male,New Zealand English,en,
dc83f7b53a56e7d47cb17342d51de8b4feae9df9cbbff9e3d1931569b219ac2ebf22bfe82f24a03e8a244bdec4fb769d591611df718d179ca84a26c2cadf8c3b,common_voice_en_26985737.mp3,The modern building was actually built around the chapel it now harbours.,2,1,,,New Zealand English,en,
dc83f7b53a56e7d47cb17342d51de8b4feae9df9cbbff9e3d1931569b219ac2ebf22bfe82f24a03e8a244bdec4fb769d591611df718d179ca84a26c2cadf8c3b,common_voice_en_26986070.mp3,"It was founded as Air Alba, operating for four years as a flying school.",2,0,thirties,male,New Zealand English,en,
9d176aeb41a15a764c1e8a6218b785eea364359d462275c624641c66668f4336085a5a5887cb36e52e287f6c3750d564b9cebe7868676cb33206b39304fe0bb7,common_voice_en_27292305.mp3,It is being expanded to include some of the neighbouring dryland farming areas.,2,0,fifties,female,New Zealand English,en,
9d176aeb41a15a764c1e8a6218b785eea364359d462275c624641c66668f4336085a5a5887cb36e52e287f6c3750d564b9cebe7868676cb33206b39304fe0bb7,common_voice_en_27292585.mp3,In photoacoustic spectroscopy the need for sample treatment is minimal.,2,0,fifties,female,New Zealand English,en,
b1ca160e3afc0eab5a2f91d58abdcd94979883273302fbc466adafa292aa59fdc97a0aa5e6eb3427565cd1c4997c169638f60afd99cf8811c70391ceb8e817f5,common_voice_en_19519436.mp3,File rate is different from service level.,2,0,thirties,female,New Zealand English,en,
b1ca160e3afc0eab5a2f91d58abdcd94979883273302fbc466adafa292aa59fdc97a0aa5e6eb3427565cd1c4997c169638f60afd99cf8811c70391ceb8e817f5,common_voice_en_19519457.mp3,He runs the publishing house Wild Honey Press.,2,0,thirties,female,New Zealand English,en,
b1ca160e3afc0eab5a2f91d58abdcd94979883273302fbc466adafa292aa59fdc97a0aa5e6eb3427565cd1c4997c169638f60afd99cf8811c70391ceb8e817f5,common_voice_en_19519478.mp3,It is the capital of the province of Nuoro.,2,0,thirties,female,New Zealand English,en,
538fdc495494ee21766d432e06094eeead4bbc86f78596f5996d027c8e0ca3cc59fbda9333562b0863eb4a851383f63acf2302febc81435e72137f5ea0c75b05,common_voice_en_19946555.mp3,These accounts may also refer to the Selk'nam people.,2,0,fourties,male,New Zealand English,en,
538fdc495494ee21766d432e06094eeead4bbc86f78596f5996d027c8e0ca3cc59fbda9333562b0863eb4a851383f63acf2302febc81435e72137f5ea0c75b05,common_voice_en_19946681.mp3,One hemisphere of Oerth was dominated by a massive continent called Oerik.,2,1,fourties,male,New Zealand English,en,
9e2326f5889406899c8df5559ede04fdd9c66d880c6105a613aa94e4df0c8aaab74ebc86392e1baaaa146740943000206fcb8ff0a326ee67b46d0fcfbeb73271,common_voice_en_27637366.mp3,She thought that the man was asking about what she was carrying.,2,0,,,New Zealand English,en,
9e2326f5889406899c8df5559ede04fdd9c66d880c6105a613aa94e4df0c8aaab74ebc86392e1baaaa146740943000206fcb8ff0a326ee67b46d0fcfbeb73271,common_voice_en_27637638.mp3,Billy released an official statement to the press.,2,0,thirties,male,New Zealand English,en,
9e2326f5889406899c8df5559ede04fdd9c66d880c6105a613aa94e4df0c8aaab74ebc86392e1baaaa146740943000206fcb8ff0a326ee67b46d0fcfbeb73271,common_voice_en_27637770.mp3,The members of the older branch descending from Lars are still living in Sweden.,2,0,thirties,male,New Zealand English,en,
a8a44e572b1f34c4310f4536a02d3e20300da206fb21ca6a736b67cb0d2402488d1ae40c91b84cca189d030cff6da7e5d8d5b6b2dbea1864c1f63b0fe8baa947,common_voice_en_89113.mp3,A little girl in a pink shirt is looking at a toy doll.,2,0,thirties,male,New Zealand English,en,
5d50dbcc4b85a09885c8baeed7ec3835de544ca326f34146cd8d746a93964bebc2e71cb5c9b5c4a673fd99de18e2bde2b560f7ca666f07a9e670732ac207b7e6,common_voice_en_20999395.mp3,"Nothing has been omitted, I hope?",2,0,twenties,male,New Zealand English,en,
5d50dbcc4b85a09885c8baeed7ec3835de544ca326f34146cd8d746a93964bebc2e71cb5c9b5c4a673fd99de18e2bde2b560f7ca666f07a9e670732ac207b7e6,common_voice_en_21183215.mp3,It lives in water at about above sea level.,2,1,twenties,male,New Zealand English,en,
5d50dbcc4b85a09885c8baeed7ec3835de544ca326f34146cd8d746a93964bebc2e71cb5c9b5c4a673fd99de18e2bde2b560f7ca666f07a9e670732ac207b7e6,common_voice_en_21183327.mp3,"Willy is controlled using only left, right and jump.",2,0,twenties,male,New Zealand English,en,
fb069914606d777c0dfd8ce9d7132c8f43230f254f55af1a2ee330e7c6aecea2db0c9a592f0384e42207bd5dacddc72a924a7cefe977db8727fe14e987c956db,common_voice_en_30645475.mp3,One sitting member John Lucas did not contest the election.,3,0,twenties,male,"New Zealand English,England English",en,
fb069914606d777c0dfd8ce9d7132c8f43230f254f55af1a2ee330e7c6aecea2db0c9a592f0384e42207bd5dacddc72a924a7cefe977db8727fe14e987c956db,common_voice_en_30645554.mp3,"Their final title defense occurred against Blue Nation at ""La Escalera"".",3,0,twenties,male,"New Zealand English,England English",en,
fb069914606d777c0dfd8ce9d7132c8f43230f254f55af1a2ee330e7c6aecea2db0c9a592f0384e42207bd5dacddc72a924a7cefe977db8727fe14e987c956db,common_voice_en_30650361.mp3,They can be used with power.,3,0,twenties,male,"New Zealand English,England English",en,
217c5ba2aa93986fda6ee91d1fe504c0b7e88964d0487562e02db2c0df90e3ecde464271b408ec4ac1da67b308bbdb319ebd83e7da1f493b831a04f614311a9b,common_voice_en_19743888.mp3,Cartwright left the Bulls as a free agent and signed with the Seattle SuperSonics.,2,0,sixties,female,New Zealand English,en,
217c5ba2aa93986fda6ee91d1fe504c0b7e88964d0487562e02db2c0df90e3ecde464271b408ec4ac1da67b308bbdb319ebd83e7da1f493b831a04f614311a9b,common_voice_en_19744378.mp3,This one is the Deity who sees and knows all things.,2,0,sixties,female,New Zealand English,en,
217c5ba2aa93986fda6ee91d1fe504c0b7e88964d0487562e02db2c0df90e3ecde464271b408ec4ac1da67b308bbdb319ebd83e7da1f493b831a04f614311a9b,common_voice_en_19744856.mp3,The Town of Plum Lake is located in central Vilas County.,2,0,sixties,female,New Zealand English,en,
217c5ba2aa93986fda6ee91d1fe504c0b7e88964d0487562e02db2c0df90e3ecde464271b408ec4ac1da67b308bbdb319ebd83e7da1f493b831a04f614311a9b,common_voice_en_19751412.mp3,It is a left tributary of the Ob River.,2,1,sixties,female,New Zealand English,en,
d8fd588f573a5616b70d4d5bf04e8b05ba8d549eff1eee152c897eec9a083803e513b8ae14db930ada386c4b7a75d07cf046704ca00c04bbffb7bc098e9abc40,common_voice_en_19692949.mp3,This hall features specimens of Bahrain's flora and fauna.,2,0,sixties,female,New Zealand English,en,
d8fd588f573a5616b70d4d5bf04e8b05ba8d549eff1eee152c897eec9a083803e513b8ae14db930ada386c4b7a75d07cf046704ca00c04bbffb7bc098e9abc40,common_voice_en_19693087.mp3,"Some of these areas became slums or 'rookeries', and were later cleared.",3,0,sixties,female,New Zealand English,en,
d8fd588f573a5616b70d4d5bf04e8b05ba8d549eff1eee152c897eec9a083803e513b8ae14db930ada386c4b7a75d07cf046704ca00c04bbffb7bc098e9abc40,common_voice_en_19693154.mp3,"Early on, he was an actor in at the Burgtheater in Vienna.",2,1,sixties,female,New Zealand English,en,
d8fd588f573a5616b70d4d5bf04e8b05ba8d549eff1eee152c897eec9a083803e513b8ae14db930ada386c4b7a75d07cf046704ca00c04bbffb7bc098e9abc40,common_voice_en_19693274.mp3,The rotation started in Parrish.,2,0,sixties,female,New Zealand English,en,
d8fd588f573a5616b70d4d5bf04e8b05ba8d549eff1eee152c897eec9a083803e513b8ae14db930ada386c4b7a75d07cf046704ca00c04bbffb7bc098e9abc40,common_voice_en_19693394.mp3,"Location: Madhab Baptist Church, Mandwi Baptist Pastoral Circle.",2,0,sixties,female,New Zealand English,en,
c4087ac33026fe324b3bc4928a4a38e8c0077bd3f376c6270857af602d8e821193e513595584e6b0ecd277757abfc250c66640de00d65f051f73f114717a2e7b,common_voice_en_18714493.mp3,"Her mother was Gwladys Ilma Vile, a nurse, and a granddaughter of Job Vile.",2,0,seventies,male,New Zealand English,en,
c4087ac33026fe324b3bc4928a4a38e8c0077bd3f376c6270857af602d8e821193e513595584e6b0ecd277757abfc250c66640de00d65f051f73f114717a2e7b,common_voice_en_18714535.mp3,"The school is in Wang Thong Lang, Bangkok.",2,1,seventies,male,New Zealand English,en,
c4087ac33026fe324b3bc4928a4a38e8c0077bd3f376c6270857af602d8e821193e513595584e6b0ecd277757abfc250c66640de00d65f051f73f114717a2e7b,common_voice_en_18714572.mp3,The unemployment rate in Consett became double the national average.,2,0,seventies,male,New Zealand English,en,
c4087ac33026fe324b3bc4928a4a38e8c0077bd3f376c6270857af602d8e821193e513595584e6b0ecd277757abfc250c66640de00d65f051f73f114717a2e7b,common_voice_en_18714950.mp3,Kingswear is not mentioned in the Domesday Book.,2,1,seventies,male,New Zealand English,en,
c4087ac33026fe324b3bc4928a4a38e8c0077bd3f376c6270857af602d8e821193e513595584e6b0ecd277757abfc250c66640de00d65f051f73f114717a2e7b,common_voice_en_18715609.mp3,"Credit Suisse Group offers private banking, investment banking and asset management services.",2,1,seventies,male,New Zealand English,en,
c4087ac33026fe324b3bc4928a4a38e8c0077bd3f376c6270857af602d8e821193e513595584e6b0ecd277757abfc250c66640de00d65f051f73f114717a2e7b,common_voice_en_18715678.mp3,The lead vocalist for The Crystals' biggest hits is La La Brooks.,2,0,seventies,male,New Zealand English,en,
9c08dc6149dbb8f8308a5c383d34ab4637ed7fe1a9609e59d193cedb16c652716b6615184dfc6897be7e21f904ce1f1a9b58db97f543075f88c128f2c24da8b2,common_voice_en_27270004.mp3,The design was also the basis for variants.,2,0,teens,male,New Zealand English,en,
9c08dc6149dbb8f8308a5c383d34ab4637ed7fe1a9609e59d193cedb16c652716b6615184dfc6897be7e21f904ce1f1a9b58db97f543075f88c128f2c24da8b2,common_voice_en_27270109.mp3,The debate squad travels nationally every year.,2,0,teens,male,New Zealand English,en,
9c08dc6149dbb8f8308a5c383d34ab4637ed7fe1a9609e59d193cedb16c652716b6615184dfc6897be7e21f904ce1f1a9b58db97f543075f88c128f2c24da8b2,common_voice_en_27284712.mp3,Sherman's text was presented uncensored.,2,0,teens,male,New Zealand English,en,
9c08dc6149dbb8f8308a5c383d34ab4637ed7fe1a9609e59d193cedb16c652716b6615184dfc6897be7e21f904ce1f1a9b58db97f543075f88c128f2c24da8b2,common_voice_en_27284749.mp3,"Increasingly, the portable surgical hospitals were manned with younger and less skilled surgeons.",2,0,teens,male,New Zealand English,en,
9c08dc6149dbb8f8308a5c383d34ab4637ed7fe1a9609e59d193cedb16c652716b6615184dfc6897be7e21f904ce1f1a9b58db97f543075f88c128f2c24da8b2,common_voice_en_27284824.mp3,Upon returning to Australia he retired from football but continued working as a selector.,2,0,teens,male,New Zealand English,en,
9c08dc6149dbb8f8308a5c383d34ab4637ed7fe1a9609e59d193cedb16c652716b6615184dfc6897be7e21f904ce1f1a9b58db97f543075f88c128f2c24da8b2,common_voice_en_27344593.mp3,"But, oh-h-h, it feels so good!",2,0,teens,male,New Zealand English,en,
9c08dc6149dbb8f8308a5c383d34ab4637ed7fe1a9609e59d193cedb16c652716b6615184dfc6897be7e21f904ce1f1a9b58db97f543075f88c128f2c24da8b2,common_voice_en_27344743.mp3,"The mechanism works reliably, but sometimes small incidents occur.",2,0,teens,male,New Zealand English,en,
abc6656344660316e9a0946061af5597a8961f118ef1292d1802420b40ca61d5a7e4d22ee9cfad3e47a3c19a445077275be636337db3805284ee8f5cc4991be3,common_voice_en_25354173.mp3,He was later said to be in a stable condition.,2,0,thirties,male,New Zealand English,en,
abc6656344660316e9a0946061af5597a8961f118ef1292d1802420b40ca61d5a7e4d22ee9cfad3e47a3c19a445077275be636337db3805284ee8f5cc4991be3,common_voice_en_25358038.mp3,The hands and feet of the figures are fully movable during performances.,2,0,thirties,male,New Zealand English,en,
abc6656344660316e9a0946061af5597a8961f118ef1292d1802420b40ca61d5a7e4d22ee9cfad3e47a3c19a445077275be636337db3805284ee8f5cc4991be3,common_voice_en_25359153.mp3,"A variant, though not unique to online shopping programs, is the intrinsic reward.",2,0,thirties,male,New Zealand English,en,
abc6656344660316e9a0946061af5597a8961f118ef1292d1802420b40ca61d5a7e4d22ee9cfad3e47a3c19a445077275be636337db3805284ee8f5cc4991be3,common_voice_en_25359386.mp3,"The Aka live in elongated houses made from bamboo, wood and cane leaves.",2,1,thirties,male,New Zealand English,en,
abc6656344660316e9a0946061af5597a8961f118ef1292d1802420b40ca61d5a7e4d22ee9cfad3e47a3c19a445077275be636337db3805284ee8f5cc4991be3,common_voice_en_25380121.mp3,He earned his Ph.D. in English literature from New York University.,2,0,thirties,male,New Zealand English,en,
abc6656344660316e9a0946061af5597a8961f118ef1292d1802420b40ca61d5a7e4d22ee9cfad3e47a3c19a445077275be636337db3805284ee8f5cc4991be3,common_voice_en_25380196.mp3,"If standing, loss of consciousness can result in substantial head trauma through falling.",2,0,thirties,male,New Zealand English,en,
5a9bf23d2c4ece18fa5cb67a6dcdce2cdd94eee9aec05239cfc5905a8a2c844ea99b91b9d3e86c78ceab5bafdeec1a325e5b3fb5872d631b984f1fb13bc5e747,common_voice_en_19905123.mp3,Its last announced episode never aired.,2,1,thirties,male,New Zealand English,en,
5a9bf23d2c4ece18fa5cb67a6dcdce2cdd94eee9aec05239cfc5905a8a2c844ea99b91b9d3e86c78ceab5bafdeec1a325e5b3fb5872d631b984f1fb13bc5e747,common_voice_en_19905253.mp3,The winner becomes the representative of the Pacific League to the Japan Series.,2,0,thirties,male,New Zealand English,en,
13fe2d4194885cf2a467daf7cc262b38df8bf3091d9c2d68ee3ad6ad42b0485484155c849badc52ab4b245afc1781168f9c01fd416e364138ef1d17669174cf1,common_voice_en_23893395.mp3,It is the state's largest hospital.,2,0,twenties,female,New Zealand English,en,
13fe2d4194885cf2a467daf7cc262b38df8bf3091d9c2d68ee3ad6ad42b0485484155c849badc52ab4b245afc1781168f9c01fd416e364138ef1d17669174cf1,common_voice_en_23893440.mp3,Some other important artists for her are Paul Simon and Laura Nyro.,2,0,twenties,female,New Zealand English,en,
13fe2d4194885cf2a467daf7cc262b38df8bf3091d9c2d68ee3ad6ad42b0485484155c849badc52ab4b245afc1781168f9c01fd416e364138ef1d17669174cf1,common_voice_en_23893565.mp3,I am sure I am not mean about her.,2,0,twenties,female,New Zealand English,en,
13fe2d4194885cf2a467daf7cc262b38df8bf3091d9c2d68ee3ad6ad42b0485484155c849badc52ab4b245afc1781168f9c01fd416e364138ef1d17669174cf1,common_voice_en_23893644.mp3,The whole sequence is in the same direction.,2,0,twenties,female,New Zealand English,en,
13fe2d4194885cf2a467daf7cc262b38df8bf3091d9c2d68ee3ad6ad42b0485484155c849badc52ab4b245afc1781168f9c01fd416e364138ef1d17669174cf1,common_voice_en_23893750.mp3,"The specimen does show the statocyst, however.",2,0,twenties,female,New Zealand English,en,
13fe2d4194885cf2a467daf7cc262b38df8bf3091d9c2d68ee3ad6ad42b0485484155c849badc52ab4b245afc1781168f9c01fd416e364138ef1d17669174cf1,common_voice_en_23893770.mp3,School nurses are often the only health professional serving students in an educational setting.,2,0,twenties,female,New Zealand English,en,
13fe2d4194885cf2a467daf7cc262b38df8bf3091d9c2d68ee3ad6ad42b0485484155c849badc52ab4b245afc1781168f9c01fd416e364138ef1d17669174cf1,common_voice_en_23893800.mp3,It may have belonged to a juvenile.,2,0,twenties,female,New Zealand English,en,
13fe2d4194885cf2a467daf7cc262b38df8bf3091d9c2d68ee3ad6ad42b0485484155c849badc52ab4b245afc1781168f9c01fd416e364138ef1d17669174cf1,common_voice_en_23893820.mp3,At that time there were no printing shops in Finland.,2,0,twenties,female,New Zealand English,en,
13fe2d4194885cf2a467daf7cc262b38df8bf3091d9c2d68ee3ad6ad42b0485484155c849badc52ab4b245afc1781168f9c01fd416e364138ef1d17669174cf1,common_voice_en_23911882.mp3,"Previously the city housed a Brazilian school, Centro Educacional Canarinho.",2,0,twenties,female,New Zealand English,en,
13fe2d4194885cf2a467daf7cc262b38df8bf3091d9c2d68ee3ad6ad42b0485484155c849badc52ab4b245afc1781168f9c01fd416e364138ef1d17669174cf1,common_voice_en_23912007.mp3,He is currently a sports columnist with them.,2,0,twenties,female,New Zealand English,en,
cd185c1ab8659ae6d21d7b63dc4a5e54a3f65f98e29ff14138fb327a182da7d4f345551afd98a8ccdc09c12e996249ecc17603fc1d28fad84e4af8ffc38aadac,common_voice_en_19852552.mp3,Kreyol is spoken mostly as an intertribal lingua franca in the interior of Liberia.,2,1,seventies,male,New Zealand English,en,
cd185c1ab8659ae6d21d7b63dc4a5e54a3f65f98e29ff14138fb327a182da7d4f345551afd98a8ccdc09c12e996249ecc17603fc1d28fad84e4af8ffc38aadac,common_voice_en_19852699.mp3,"In reality, the talks radically altered the shape of the Polish government and society.",2,0,seventies,male,New Zealand English,en,
cd185c1ab8659ae6d21d7b63dc4a5e54a3f65f98e29ff14138fb327a182da7d4f345551afd98a8ccdc09c12e996249ecc17603fc1d28fad84e4af8ffc38aadac,common_voice_en_19852800.mp3,"He has used a number of alter egos, including Patrick Ireland.",2,0,seventies,male,New Zealand English,en,
cd185c1ab8659ae6d21d7b63dc4a5e54a3f65f98e29ff14138fb327a182da7d4f345551afd98a8ccdc09c12e996249ecc17603fc1d28fad84e4af8ffc38aadac,common_voice_en_19852865.mp3,The range may also vary due to the type of warhead.,2,0,seventies,male,New Zealand English,en,
cd185c1ab8659ae6d21d7b63dc4a5e54a3f65f98e29ff14138fb327a182da7d4f345551afd98a8ccdc09c12e996249ecc17603fc1d28fad84e4af8ffc38aadac,common_voice_en_19853447.mp3,Whose tea was it?,2,0,seventies,male,New Zealand English,en,
cd185c1ab8659ae6d21d7b63dc4a5e54a3f65f98e29ff14138fb327a182da7d4f345551afd98a8ccdc09c12e996249ecc17603fc1d28fad84e4af8ffc38aadac,common_voice_en_19853484.mp3,Road transport is the primary method of transport in and out of the area.,2,0,seventies,male,New Zealand English,en,
cd185c1ab8659ae6d21d7b63dc4a5e54a3f65f98e29ff14138fb327a182da7d4f345551afd98a8ccdc09c12e996249ecc17603fc1d28fad84e4af8ffc38aadac,common_voice_en_19853796.mp3,Such cases were dealt with by enclosing the content within comment blocks.,2,0,seventies,male,New Zealand English,en,
cd185c1ab8659ae6d21d7b63dc4a5e54a3f65f98e29ff14138fb327a182da7d4f345551afd98a8ccdc09c12e996249ecc17603fc1d28fad84e4af8ffc38aadac,common_voice_en_19867294.mp3,He tames Bull by luring him into the rocks and rescues the first talisman.,2,0,seventies,male,New Zealand English,en,
cd185c1ab8659ae6d21d7b63dc4a5e54a3f65f98e29ff14138fb327a182da7d4f345551afd98a8ccdc09c12e996249ecc17603fc1d28fad84e4af8ffc38aadac,common_voice_en_19867734.mp3,"About half way downstream, it enters Qionghai.",2,0,seventies,male,New Zealand English,en,
cd185c1ab8659ae6d21d7b63dc4a5e54a3f65f98e29ff14138fb327a182da7d4f345551afd98a8ccdc09c12e996249ecc17603fc1d28fad84e4af8ffc38aadac,common_voice_en_19867786.mp3,"This is called ""stopping"" the strings.",2,0,seventies,male,New Zealand English,en,
cd185c1ab8659ae6d21d7b63dc4a5e54a3f65f98e29ff14138fb327a182da7d4f345551afd98a8ccdc09c12e996249ecc17603fc1d28fad84e4af8ffc38aadac,common_voice_en_19867846.mp3,Redwood lumber from local sawmills was shipped to build San Francisco.,2,0,seventies,male,New Zealand English,en,
cd185c1ab8659ae6d21d7b63dc4a5e54a3f65f98e29ff14138fb327a182da7d4f345551afd98a8ccdc09c12e996249ecc17603fc1d28fad84e4af8ffc38aadac,common_voice_en_19867872.mp3,Each of these is surrounded by mesenchyme.,2,0,seventies,male,New Zealand English,en,
cd185c1ab8659ae6d21d7b63dc4a5e54a3f65f98e29ff14138fb327a182da7d4f345551afd98a8ccdc09c12e996249ecc17603fc1d28fad84e4af8ffc38aadac,common_voice_en_19868019.mp3,Joventut is considered to have the best youth teams in Europe.,2,1,seventies,male,New Zealand English,en,
5c531f367556f798684195ad08d333c891d20416e1b14c5c8f5946ac800350502f1378b271744d4f028bfa57e9fc2dedfa5de163d4bd2575fb60aa8f461d8098,common_voice_en_20031267.mp3,In his last years he had suffered from Parkinson's disease.,2,0,thirties,male,New Zealand English,en,
5c531f367556f798684195ad08d333c891d20416e1b14c5c8f5946ac800350502f1378b271744d4f028bfa57e9fc2dedfa5de163d4bd2575fb60aa8f461d8098,common_voice_en_20031593.mp3,The requesting unit would direct the air strikes.,2,0,thirties,male,New Zealand English,en,
5c531f367556f798684195ad08d333c891d20416e1b14c5c8f5946ac800350502f1378b271744d4f028bfa57e9fc2dedfa5de163d4bd2575fb60aa8f461d8098,common_voice_en_20032072.mp3,She had a half brother Alfred Ledersteger.,2,0,thirties,male,New Zealand English,en,
5c531f367556f798684195ad08d333c891d20416e1b14c5c8f5946ac800350502f1378b271744d4f028bfa57e9fc2dedfa5de163d4bd2575fb60aa8f461d8098,common_voice_en_20166694.mp3,See highlights in the below table.,2,1,thirties,male,New Zealand English,en,
5c531f367556f798684195ad08d333c891d20416e1b14c5c8f5946ac800350502f1378b271744d4f028bfa57e9fc2dedfa5de163d4bd2575fb60aa8f461d8098,common_voice_en_20167042.mp3,"De Ruyter tactfully pointed out: ""Such courage is too perilous"".",2,1,thirties,male,New Zealand English,en,
5c531f367556f798684195ad08d333c891d20416e1b14c5c8f5946ac800350502f1378b271744d4f028bfa57e9fc2dedfa5de163d4bd2575fb60aa8f461d8098,common_voice_en_20167339.mp3,Mount Pearl South has seen an expansion in big-box retail outlets in recent years.,2,1,thirties,male,New Zealand English,en,
5c531f367556f798684195ad08d333c891d20416e1b14c5c8f5946ac800350502f1378b271744d4f028bfa57e9fc2dedfa5de163d4bd2575fb60aa8f461d8098,common_voice_en_20167587.mp3,That boy's tutor?,2,0,thirties,male,New Zealand English,en,
5c531f367556f798684195ad08d333c891d20416e1b14c5c8f5946ac800350502f1378b271744d4f028bfa57e9fc2dedfa5de163d4bd2575fb60aa8f461d8098,common_voice_en_20167832.mp3,It is a part of the Carson City School District.,2,0,thirties,male,New Zealand English,en,
5c531f367556f798684195ad08d333c891d20416e1b14c5c8f5946ac800350502f1378b271744d4f028bfa57e9fc2dedfa5de163d4bd2575fb60aa8f461d8098,common_voice_en_20168064.mp3,Operation Sassoon would see railway stations outside the capital receiving Londoners escaping a disaster.,2,0,thirties,male,New Zealand English,en,
5c531f367556f798684195ad08d333c891d20416e1b14c5c8f5946ac800350502f1378b271744d4f028bfa57e9fc2dedfa5de163d4bd2575fb60aa8f461d8098,common_voice_en_20168269.mp3,These are my people and that's how it is.,2,0,thirties,male,New Zealand English,en,
5c531f367556f798684195ad08d333c891d20416e1b14c5c8f5946ac800350502f1378b271744d4f028bfa57e9fc2dedfa5de163d4bd2575fb60aa8f461d8098,common_voice_en_21493961.mp3,This force hurried to the assistance of the city's defenders.,2,0,thirties,male,New Zealand English,en,
5c531f367556f798684195ad08d333c891d20416e1b14c5c8f5946ac800350502f1378b271744d4f028bfa57e9fc2dedfa5de163d4bd2575fb60aa8f461d8098,common_voice_en_21493994.mp3,"A comparable number of families also moved to Australia, Canada, and the United States.",2,0,thirties,male,New Zealand English,en,
5c531f367556f798684195ad08d333c891d20416e1b14c5c8f5946ac800350502f1378b271744d4f028bfa57e9fc2dedfa5de163d4bd2575fb60aa8f461d8098,common_voice_en_21494110.mp3,"He then joined Reading, where he was loaned out to Barnet and Hereford United.",2,0,thirties,male,New Zealand English,en,
5c531f367556f798684195ad08d333c891d20416e1b14c5c8f5946ac800350502f1378b271744d4f028bfa57e9fc2dedfa5de163d4bd2575fb60aa8f461d8098,common_voice_en_21507114.mp3,"It also can cause undesirable effects such as unattractive discoloration, bubbling, or devitrification.",2,0,thirties,male,New Zealand English,en,
3a4228fd1f7614c4550485d454331fc488ff9d71d5c363080e7ef21e1ca55230f787a622c2932fb10d2f56b3e72e0363ded620f44d41021f6a85d8b9ec25b3e7,common_voice_en_22758593.mp3,"He is known for his fluid skateboarding style and inventing the ""Bigspin"" skateboard trick.",2,0,thirties,male,New Zealand English,en,
3a4228fd1f7614c4550485d454331fc488ff9d71d5c363080e7ef21e1ca55230f787a622c2932fb10d2f56b3e72e0363ded620f44d41021f6a85d8b9ec25b3e7,common_voice_en_22758616.mp3,"There's a huge amount of work available, apparently.",2,0,thirties,male,New Zealand English,en,
3a4228fd1f7614c4550485d454331fc488ff9d71d5c363080e7ef21e1ca55230f787a622c2932fb10d2f56b3e72e0363ded620f44d41021f6a85d8b9ec25b3e7,common_voice_en_22758695.mp3,The local school district supports the E. Taylor Hatton Elementary School.,2,0,thirties,male,New Zealand English,en,
3a4228fd1f7614c4550485d454331fc488ff9d71d5c363080e7ef21e1ca55230f787a622c2932fb10d2f56b3e72e0363ded620f44d41021f6a85d8b9ec25b3e7,common_voice_en_25640025.mp3,Actor Leigh Whipper was her son.,2,0,thirties,male,New Zealand English,en,
3a4228fd1f7614c4550485d454331fc488ff9d71d5c363080e7ef21e1ca55230f787a622c2932fb10d2f56b3e72e0363ded620f44d41021f6a85d8b9ec25b3e7,common_voice_en_25640115.mp3,"When the Egyptians attacked Kadesh, Suppililiuma besieged and retook the town.",2,0,thirties,male,New Zealand English,en,
3a4228fd1f7614c4550485d454331fc488ff9d71d5c363080e7ef21e1ca55230f787a622c2932fb10d2f56b3e72e0363ded620f44d41021f6a85d8b9ec25b3e7,common_voice_en_25640298.mp3,There are several different theories concerning the origin of the city's name.,2,0,thirties,male,New Zealand English,en,
3a4228fd1f7614c4550485d454331fc488ff9d71d5c363080e7ef21e1ca55230f787a622c2932fb10d2f56b3e72e0363ded620f44d41021f6a85d8b9ec25b3e7,common_voice_en_25640408.mp3,Incumbent President George W. Bush ran unopposed.,2,0,thirties,male,New Zealand English,en,
3a4228fd1f7614c4550485d454331fc488ff9d71d5c363080e7ef21e1ca55230f787a622c2932fb10d2f56b3e72e0363ded620f44d41021f6a85d8b9ec25b3e7,common_voice_en_25640605.mp3,Mass continues to produce and master albums for several international recording artists.,2,0,thirties,male,New Zealand English,en,
3a4228fd1f7614c4550485d454331fc488ff9d71d5c363080e7ef21e1ca55230f787a622c2932fb10d2f56b3e72e0363ded620f44d41021f6a85d8b9ec25b3e7,common_voice_en_25640929.mp3,It is mandated to develop and review quality assurance and inspection procedures.,2,0,thirties,male,New Zealand English,en,
3a4228fd1f7614c4550485d454331fc488ff9d71d5c363080e7ef21e1ca55230f787a622c2932fb10d2f56b3e72e0363ded620f44d41021f6a85d8b9ec25b3e7,common_voice_en_25641264.mp3,The results both supported and extended Mendel's laws of heredity.,2,0,thirties,male,New Zealand English,en,
3a4228fd1f7614c4550485d454331fc488ff9d71d5c363080e7ef21e1ca55230f787a622c2932fb10d2f56b3e72e0363ded620f44d41021f6a85d8b9ec25b3e7,common_voice_en_25641482.mp3,"During his imprisonment, he began teaching anthropology to his fellow prisoners.",2,0,thirties,male,New Zealand English,en,
3a4228fd1f7614c4550485d454331fc488ff9d71d5c363080e7ef21e1ca55230f787a622c2932fb10d2f56b3e72e0363ded620f44d41021f6a85d8b9ec25b3e7,common_voice_en_27870847.mp3,"The lead architect of the project was Edward F. Neild of Shreveport, Louisiana.",2,0,thirties,male,New Zealand English,en,
3a4228fd1f7614c4550485d454331fc488ff9d71d5c363080e7ef21e1ca55230f787a622c2932fb10d2f56b3e72e0363ded620f44d41021f6a85d8b9ec25b3e7,common_voice_en_27871077.mp3,"Historically, Henley has had several private lunatic asylums.",2,0,thirties,male,New Zealand English,en,
3a4228fd1f7614c4550485d454331fc488ff9d71d5c363080e7ef21e1ca55230f787a622c2932fb10d2f56b3e72e0363ded620f44d41021f6a85d8b9ec25b3e7,common_voice_en_27871259.mp3,It was also fitted to aerobatics.,2,0,thirties,male,New Zealand English,en,
3a4228fd1f7614c4550485d454331fc488ff9d71d5c363080e7ef21e1ca55230f787a622c2932fb10d2f56b3e72e0363ded620f44d41021f6a85d8b9ec25b3e7,common_voice_en_27871443.mp3,"From earliest Sumerian times, a mina was a unit of weight.",2,0,thirties,male,New Zealand English,en,
3a4228fd1f7614c4550485d454331fc488ff9d71d5c363080e7ef21e1ca55230f787a622c2932fb10d2f56b3e72e0363ded620f44d41021f6a85d8b9ec25b3e7,common_voice_en_28852580.mp3,"As a result, today the Railgon pool is significantly smaller than at its peak.",2,0,thirties,male,New Zealand English,en,
3a4228fd1f7614c4550485d454331fc488ff9d71d5c363080e7ef21e1ca55230f787a622c2932fb10d2f56b3e72e0363ded620f44d41021f6a85d8b9ec25b3e7,common_voice_en_28852959.mp3,They contributed six tracks along with other early Boston Hardcore band Gang Green.,2,1,thirties,male,New Zealand English,en,
3a4228fd1f7614c4550485d454331fc488ff9d71d5c363080e7ef21e1ca55230f787a622c2932fb10d2f56b3e72e0363ded620f44d41021f6a85d8b9ec25b3e7,common_voice_en_28853218.mp3,Four thousand Allied guns fired for four hours during the opening bombardment.,2,0,thirties,male,New Zealand English,en,
3a4228fd1f7614c4550485d454331fc488ff9d71d5c363080e7ef21e1ca55230f787a622c2932fb10d2f56b3e72e0363ded620f44d41021f6a85d8b9ec25b3e7,common_voice_en_29375420.mp3,"Normally colorless, they are stained purplish-red by trichrome.",2,0,thirties,male,New Zealand English,en,
0556918792c0a32f83c9d55abc07c607aa28d5e811ac231b6d57c67aab4dc15f6352290903cc79962a3b210b6538b5c13231ab4e94722205da80e4ed57558be0,common_voice_en_18838389.mp3,Track rebuild projects covered the system.,2,0,fifties,male,New Zealand English,en,
0556918792c0a32f83c9d55abc07c607aa28d5e811ac231b6d57c67aab4dc15f6352290903cc79962a3b210b6538b5c13231ab4e94722205da80e4ed57558be0,common_voice_en_18884159.mp3,She also served as provost and dean of the College of Letters and Sciences.,2,0,fifties,male,New Zealand English,en,
0556918792c0a32f83c9d55abc07c607aa28d5e811ac231b6d57c67aab4dc15f6352290903cc79962a3b210b6538b5c13231ab4e94722205da80e4ed57558be0,common_voice_en_18884664.mp3,Most of the family members lie within the latter orbital distance.,2,1,fifties,male,New Zealand English,en,
0556918792c0a32f83c9d55abc07c607aa28d5e811ac231b6d57c67aab4dc15f6352290903cc79962a3b210b6538b5c13231ab4e94722205da80e4ed57558be0,common_voice_en_18884756.mp3,The caucuses are generally defined as gatherings of neighbors.,2,0,fifties,male,New Zealand English,en,
0556918792c0a32f83c9d55abc07c607aa28d5e811ac231b6d57c67aab4dc15f6352290903cc79962a3b210b6538b5c13231ab4e94722205da80e4ed57558be0,common_voice_en_18884795.mp3,He died shortly afterwards and is buried in Saint Peter's graveyard Salesbury.,2,0,fifties,male,New Zealand English,en,
0556918792c0a32f83c9d55abc07c607aa28d5e811ac231b6d57c67aab4dc15f6352290903cc79962a3b210b6538b5c13231ab4e94722205da80e4ed57558be0,common_voice_en_18890725.mp3,That was about six weeks before we did it.,2,0,fifties,male,New Zealand English,en,
0556918792c0a32f83c9d55abc07c607aa28d5e811ac231b6d57c67aab4dc15f6352290903cc79962a3b210b6538b5c13231ab4e94722205da80e4ed57558be0,common_voice_en_18890750.mp3,This is also applicable to circuits.,2,0,fifties,male,New Zealand English,en,
0556918792c0a32f83c9d55abc07c607aa28d5e811ac231b6d57c67aab4dc15f6352290903cc79962a3b210b6538b5c13231ab4e94722205da80e4ed57558be0,common_voice_en_18893478.mp3,The town is the county seat of Parke County.,2,0,fifties,male,New Zealand English,en,
0556918792c0a32f83c9d55abc07c607aa28d5e811ac231b6d57c67aab4dc15f6352290903cc79962a3b210b6538b5c13231ab4e94722205da80e4ed57558be0,common_voice_en_18893520.mp3,Boxes can be formed in the same plant as the corrugator.,2,0,fifties,male,New Zealand English,en,
0556918792c0a32f83c9d55abc07c607aa28d5e811ac231b6d57c67aab4dc15f6352290903cc79962a3b210b6538b5c13231ab4e94722205da80e4ed57558be0,common_voice_en_18893571.mp3,The role ultimately went to Batinkoff.,2,0,fifties,male,New Zealand English,en,
0556918792c0a32f83c9d55abc07c607aa28d5e811ac231b6d57c67aab4dc15f6352290903cc79962a3b210b6538b5c13231ab4e94722205da80e4ed57558be0,common_voice_en_18893596.mp3,"The researchers used the term ""cyanosulfidic"" to describe this network of reactions.",2,0,fifties,male,New Zealand English,en,
0556918792c0a32f83c9d55abc07c607aa28d5e811ac231b6d57c67aab4dc15f6352290903cc79962a3b210b6538b5c13231ab4e94722205da80e4ed57558be0,common_voice_en_18893627.mp3,"However, due to its natural fortifications along with castles and walls it never fell.",2,0,fifties,male,New Zealand English,en,
0556918792c0a32f83c9d55abc07c607aa28d5e811ac231b6d57c67aab4dc15f6352290903cc79962a3b210b6538b5c13231ab4e94722205da80e4ed57558be0,common_voice_en_18893847.mp3,"The city has now been joined by factories producing textiles, furniture and cars.",2,0,fifties,male,New Zealand English,en,
0556918792c0a32f83c9d55abc07c607aa28d5e811ac231b6d57c67aab4dc15f6352290903cc79962a3b210b6538b5c13231ab4e94722205da80e4ed57558be0,common_voice_en_18893942.mp3,"The agency's name was changed to Bureau of Alcohol, Tobacco, Firearms, and Explosives.",2,0,fifties,male,New Zealand English,en,
0556918792c0a32f83c9d55abc07c607aa28d5e811ac231b6d57c67aab4dc15f6352290903cc79962a3b210b6538b5c13231ab4e94722205da80e4ed57558be0,common_voice_en_18893967.mp3,Clasp brakes are one type of brakes historically used on trains.,2,0,fifties,male,New Zealand English,en,
0556918792c0a32f83c9d55abc07c607aa28d5e811ac231b6d57c67aab4dc15f6352290903cc79962a3b210b6538b5c13231ab4e94722205da80e4ed57558be0,common_voice_en_18896498.mp3,"Speed is crucial in this manga, unlike in Blame!",2,0,fifties,male,New Zealand English,en,
0556918792c0a32f83c9d55abc07c607aa28d5e811ac231b6d57c67aab4dc15f6352290903cc79962a3b210b6538b5c13231ab4e94722205da80e4ed57558be0,common_voice_en_18900789.mp3,This time there was no doubt about Albertsen being the scorer.,2,0,fifties,male,New Zealand English,en,
0556918792c0a32f83c9d55abc07c607aa28d5e811ac231b6d57c67aab4dc15f6352290903cc79962a3b210b6538b5c13231ab4e94722205da80e4ed57558be0,common_voice_en_18909318.mp3,Crouse is now married to Rick Blue.,2,0,fifties,male,New Zealand English,en,
0556918792c0a32f83c9d55abc07c607aa28d5e811ac231b6d57c67aab4dc15f6352290903cc79962a3b210b6538b5c13231ab4e94722205da80e4ed57558be0,common_voice_en_18909338.mp3,"Once primarily used as a military housing community, it is now privately operated.",2,0,fifties,male,New Zealand English,en,
0556918792c0a32f83c9d55abc07c607aa28d5e811ac231b6d57c67aab4dc15f6352290903cc79962a3b210b6538b5c13231ab4e94722205da80e4ed57558be0,common_voice_en_18909358.mp3,This list does not include the head coaches of the New Jersey Devils.,2,0,fifties,male,New Zealand English,en,
0556918792c0a32f83c9d55abc07c607aa28d5e811ac231b6d57c67aab4dc15f6352290903cc79962a3b210b6538b5c13231ab4e94722205da80e4ed57558be0,common_voice_en_18935244.mp3,Some lasted several years and appeared in subsequent series.,2,0,fifties,male,New Zealand English,en,
0556918792c0a32f83c9d55abc07c607aa28d5e811ac231b6d57c67aab4dc15f6352290903cc79962a3b210b6538b5c13231ab4e94722205da80e4ed57558be0,common_voice_en_18935389.mp3,Only younger kids camps are held at the site.,2,0,fifties,male,New Zealand English,en,
0556918792c0a32f83c9d55abc07c607aa28d5e811ac231b6d57c67aab4dc15f6352290903cc79962a3b210b6538b5c13231ab4e94722205da80e4ed57558be0,common_voice_en_18963320.mp3,The various shades result from different concentrations of halochromic molecules with different conjugated systems.,2,0,fifties,male,New Zealand English,en,
0556918792c0a32f83c9d55abc07c607aa28d5e811ac231b6d57c67aab4dc15f6352290903cc79962a3b210b6538b5c13231ab4e94722205da80e4ed57558be0,common_voice_en_18967255.mp3,It would remain in royal control for several centuries.,2,0,fifties,male,New Zealand English,en,
0556918792c0a32f83c9d55abc07c607aa28d5e811ac231b6d57c67aab4dc15f6352290903cc79962a3b210b6538b5c13231ab4e94722205da80e4ed57558be0,common_voice_en_18967302.mp3,The county is one of the first Texas Certified Retirement Communities.,2,0,fifties,male,New Zealand English,en,
0556918792c0a32f83c9d55abc07c607aa28d5e811ac231b6d57c67aab4dc15f6352290903cc79962a3b210b6538b5c13231ab4e94722205da80e4ed57558be0,common_voice_en_18985413.mp3,He has published several books.,2,0,fifties,male,New Zealand English,en,
0556918792c0a32f83c9d55abc07c607aa28d5e811ac231b6d57c67aab4dc15f6352290903cc79962a3b210b6538b5c13231ab4e94722205da80e4ed57558be0,common_voice_en_18985460.mp3,The president of Serbia and Montenegro was elected by the parliament.,2,0,fifties,male,New Zealand English,en,
0556918792c0a32f83c9d55abc07c607aa28d5e811ac231b6d57c67aab4dc15f6352290903cc79962a3b210b6538b5c13231ab4e94722205da80e4ed57558be0,common_voice_en_18985541.mp3,"With Alexander term-limited, Republicans nominated former Governor Winfield Dunn.",2,0,fifties,male,New Zealand English,en,
0556918792c0a32f83c9d55abc07c607aa28d5e811ac231b6d57c67aab4dc15f6352290903cc79962a3b210b6538b5c13231ab4e94722205da80e4ed57558be0,common_voice_en_19005148.mp3,"After the closure of this weather station, the nearest one is located at Pershore.",2,0,fifties,male,New Zealand English,en,
0556918792c0a32f83c9d55abc07c607aa28d5e811ac231b6d57c67aab4dc15f6352290903cc79962a3b210b6538b5c13231ab4e94722205da80e4ed57558be0,common_voice_en_19034547.mp3,Mastermind were musically very different from Journey.,2,0,fifties,male,New Zealand English,en,
6934ea90f68dd79d019e2960360dbbf4b7a82acd27c8d6501839402a4db19a60fe1f105bca4c2fcde170b0ce44091fd29c41f656035954b9a936d81b3cfeb254,common_voice_en_19547366.mp3,The band also performed on the rock evening of the Intertalent Festival in Prague.,2,0,thirties,male,New Zealand English,en,
6934ea90f68dd79d019e2960360dbbf4b7a82acd27c8d6501839402a4db19a60fe1f105bca4c2fcde170b0ce44091fd29c41f656035954b9a936d81b3cfeb254,common_voice_en_19547386.mp3,They left no children.,2,0,thirties,male,New Zealand English,en,
6934ea90f68dd79d019e2960360dbbf4b7a82acd27c8d6501839402a4db19a60fe1f105bca4c2fcde170b0ce44091fd29c41f656035954b9a936d81b3cfeb254,common_voice_en_19547406.mp3,Yes; I went to Agathaâ€™s to tea.,2,0,thirties,male,New Zealand English,en,
6934ea90f68dd79d019e2960360dbbf4b7a82acd27c8d6501839402a4db19a60fe1f105bca4c2fcde170b0ce44091fd29c41f656035954b9a936d81b3cfeb254,common_voice_en_19547449.mp3,The hoard is the oldest and only coin hoard found on the archipelago.,2,0,thirties,male,New Zealand English,en,
6934ea90f68dd79d019e2960360dbbf4b7a82acd27c8d6501839402a4db19a60fe1f105bca4c2fcde170b0ce44091fd29c41f656035954b9a936d81b3cfeb254,common_voice_en_19547471.mp3,"Today, the name is pronounced the same as ""Hollywood"".",2,0,thirties,male,New Zealand English,en,
6934ea90f68dd79d019e2960360dbbf4b7a82acd27c8d6501839402a4db19a60fe1f105bca4c2fcde170b0ce44091fd29c41f656035954b9a936d81b3cfeb254,common_voice_en_19547491.mp3,"Other images include a lady talking on the phone, a motorbike, and two dogs.",2,0,thirties,male,New Zealand English,en,
6934ea90f68dd79d019e2960360dbbf4b7a82acd27c8d6501839402a4db19a60fe1f105bca4c2fcde170b0ce44091fd29c41f656035954b9a936d81b3cfeb254,common_voice_en_19547532.mp3,How many Spaniards came to Brazil before independence are unknown.,2,0,thirties,male,New Zealand English,en,
6934ea90f68dd79d019e2960360dbbf4b7a82acd27c8d6501839402a4db19a60fe1f105bca4c2fcde170b0ce44091fd29c41f656035954b9a936d81b3cfeb254,common_voice_en_19547559.mp3,A stone in the churchyard is sometimes pointed out as bearing the Devil's footprint.,2,0,thirties,male,New Zealand English,en,
6934ea90f68dd79d019e2960360dbbf4b7a82acd27c8d6501839402a4db19a60fe1f105bca4c2fcde170b0ce44091fd29c41f656035954b9a936d81b3cfeb254,common_voice_en_19547601.mp3,Each has its own episode list.,2,0,thirties,male,New Zealand English,en,
6934ea90f68dd79d019e2960360dbbf4b7a82acd27c8d6501839402a4db19a60fe1f105bca4c2fcde170b0ce44091fd29c41f656035954b9a936d81b3cfeb254,common_voice_en_19547711.mp3,"One would receive a sharp wound from it, but there is no pain.",2,0,thirties,male,New Zealand English,en,
6934ea90f68dd79d019e2960360dbbf4b7a82acd27c8d6501839402a4db19a60fe1f105bca4c2fcde170b0ce44091fd29c41f656035954b9a936d81b3cfeb254,common_voice_en_19547859.mp3,"Deren and Hammid wrote, directed and performed in the film.",2,0,thirties,male,New Zealand English,en,
6934ea90f68dd79d019e2960360dbbf4b7a82acd27c8d6501839402a4db19a60fe1f105bca4c2fcde170b0ce44091fd29c41f656035954b9a936d81b3cfeb254,common_voice_en_19548005.mp3,Yomogita Station has a single side platform serving bidirectional traffic.,2,0,thirties,male,New Zealand English,en,
6934ea90f68dd79d019e2960360dbbf4b7a82acd27c8d6501839402a4db19a60fe1f105bca4c2fcde170b0ce44091fd29c41f656035954b9a936d81b3cfeb254,common_voice_en_19550928.mp3,Emergency iron sights are also fitted.,2,0,thirties,male,New Zealand English,en,
6934ea90f68dd79d019e2960360dbbf4b7a82acd27c8d6501839402a4db19a60fe1f105bca4c2fcde170b0ce44091fd29c41f656035954b9a936d81b3cfeb254,common_voice_en_19551010.mp3,This Place is very calm and known for great social harmony.,2,0,thirties,male,New Zealand English,en,
6934ea90f68dd79d019e2960360dbbf4b7a82acd27c8d6501839402a4db19a60fe1f105bca4c2fcde170b0ce44091fd29c41f656035954b9a936d81b3cfeb254,common_voice_en_19552195.mp3,I thought it was a perfect name for the album.,2,0,thirties,male,New Zealand English,en,
6934ea90f68dd79d019e2960360dbbf4b7a82acd27c8d6501839402a4db19a60fe1f105bca4c2fcde170b0ce44091fd29c41f656035954b9a936d81b3cfeb254,common_voice_en_19552442.mp3,Kliper's design was another attempt to solve the geometric problems of spacecraft.,2,0,thirties,male,New Zealand English,en,
6934ea90f68dd79d019e2960360dbbf4b7a82acd27c8d6501839402a4db19a60fe1f105bca4c2fcde170b0ce44091fd29c41f656035954b9a936d81b3cfeb254,common_voice_en_19552838.mp3,The station was close to the town centre.,2,0,thirties,male,New Zealand English,en,
6934ea90f68dd79d019e2960360dbbf4b7a82acd27c8d6501839402a4db19a60fe1f105bca4c2fcde170b0ce44091fd29c41f656035954b9a936d81b3cfeb254,common_voice_en_19553054.mp3,"He is married to Nechama Rivlin, and has four children.",2,0,thirties,male,New Zealand English,en,
6934ea90f68dd79d019e2960360dbbf4b7a82acd27c8d6501839402a4db19a60fe1f105bca4c2fcde170b0ce44091fd29c41f656035954b9a936d81b3cfeb254,common_voice_en_19562761.mp3,They continue to perform live today.,2,0,thirties,male,New Zealand English,en,
6934ea90f68dd79d019e2960360dbbf4b7a82acd27c8d6501839402a4db19a60fe1f105bca4c2fcde170b0ce44091fd29c41f656035954b9a936d81b3cfeb254,common_voice_en_19568027.mp3,"Farther north, tulip trees are gradually replaced by maples and birches.",2,0,thirties,male,New Zealand English,en,
6934ea90f68dd79d019e2960360dbbf4b7a82acd27c8d6501839402a4db19a60fe1f105bca4c2fcde170b0ce44091fd29c41f656035954b9a936d81b3cfeb254,common_voice_en_19573616.mp3,The defending champions Liverpool were eliminated by Benfica in the first knockout round.,2,0,thirties,male,New Zealand English,en,
6934ea90f68dd79d019e2960360dbbf4b7a82acd27c8d6501839402a4db19a60fe1f105bca4c2fcde170b0ce44091fd29c41f656035954b9a936d81b3cfeb254,common_voice_en_21139152.mp3,It was never very successful against formidable competition in that format.,2,1,thirties,male,New Zealand English,en,
6934ea90f68dd79d019e2960360dbbf4b7a82acd27c8d6501839402a4db19a60fe1f105bca4c2fcde170b0ce44091fd29c41f656035954b9a936d81b3cfeb254,common_voice_en_21139189.mp3,The team moved in that September.,2,0,thirties,male,New Zealand English,en,
6934ea90f68dd79d019e2960360dbbf4b7a82acd27c8d6501839402a4db19a60fe1f105bca4c2fcde170b0ce44091fd29c41f656035954b9a936d81b3cfeb254,common_voice_en_21139263.mp3,"It was in the south-east of the county, roughly corresponding to today's Harborough district.",2,0,thirties,male,New Zealand English,en,
6934ea90f68dd79d019e2960360dbbf4b7a82acd27c8d6501839402a4db19a60fe1f105bca4c2fcde170b0ce44091fd29c41f656035954b9a936d81b3cfeb254,common_voice_en_21139299.mp3,The school was known to have high admission requirements and able pupils.,2,1,thirties,male,New Zealand English,en,
6934ea90f68dd79d019e2960360dbbf4b7a82acd27c8d6501839402a4db19a60fe1f105bca4c2fcde170b0ce44091fd29c41f656035954b9a936d81b3cfeb254,common_voice_en_21139529.mp3,"McPharlin and his wife, Kalinz, have two daughters.",2,0,thirties,male,New Zealand English,en,
6934ea90f68dd79d019e2960360dbbf4b7a82acd27c8d6501839402a4db19a60fe1f105bca4c2fcde170b0ce44091fd29c41f656035954b9a936d81b3cfeb254,common_voice_en_21159967.mp3,The Young Progressive Democrats earned coverage in the national media in the past.,2,0,thirties,male,New Zealand English,en,
6934ea90f68dd79d019e2960360dbbf4b7a82acd27c8d6501839402a4db19a60fe1f105bca4c2fcde170b0ce44091fd29c41f656035954b9a936d81b3cfeb254,common_voice_en_21162431.mp3,"Kinzie fled to Milwaukee, then in Indian territory.",2,1,thirties,male,New Zealand English,en,
6934ea90f68dd79d019e2960360dbbf4b7a82acd27c8d6501839402a4db19a60fe1f105bca4c2fcde170b0ce44091fd29c41f656035954b9a936d81b3cfeb254,common_voice_en_21162451.mp3,He sat in opposition for the remainder of his time in the legislature.,2,0,thirties,male,New Zealand English,en,
6934ea90f68dd79d019e2960360dbbf4b7a82acd27c8d6501839402a4db19a60fe1f105bca4c2fcde170b0ce44091fd29c41f656035954b9a936d81b3cfeb254,common_voice_en_21162473.mp3,And we are resolved to share it equally.,2,0,thirties,male,New Zealand English,en,
6934ea90f68dd79d019e2960360dbbf4b7a82acd27c8d6501839402a4db19a60fe1f105bca4c2fcde170b0ce44091fd29c41f656035954b9a936d81b3cfeb254,common_voice_en_21181950.mp3,Most issues are centered on a different city or state.,2,0,thirties,male,New Zealand English,en,
6934ea90f68dd79d019e2960360dbbf4b7a82acd27c8d6501839402a4db19a60fe1f105bca4c2fcde170b0ce44091fd29c41f656035954b9a936d81b3cfeb254,common_voice_en_21182077.mp3,"Jean-Paul became a jazz musician, performing with artists such as Josephine Baker and Mistinguett.",2,0,thirties,male,New Zealand English,en,
6934ea90f68dd79d019e2960360dbbf4b7a82acd27c8d6501839402a4db19a60fe1f105bca4c2fcde170b0ce44091fd29c41f656035954b9a936d81b3cfeb254,common_voice_en_21183049.mp3,They did the whole album.,2,0,thirties,male,New Zealand English,en,
6934ea90f68dd79d019e2960360dbbf4b7a82acd27c8d6501839402a4db19a60fe1f105bca4c2fcde170b0ce44091fd29c41f656035954b9a936d81b3cfeb254,common_voice_en_21185337.mp3,More than thirty bus routes pass through the area.,2,0,thirties,male,New Zealand English,en,
6934ea90f68dd79d019e2960360dbbf4b7a82acd27c8d6501839402a4db19a60fe1f105bca4c2fcde170b0ce44091fd29c41f656035954b9a936d81b3cfeb254,common_voice_en_21185413.mp3,"They usually begin flat, but parts may raise above the skin surface.",2,0,thirties,male,New Zealand English,en,
6934ea90f68dd79d019e2960360dbbf4b7a82acd27c8d6501839402a4db19a60fe1f105bca4c2fcde170b0ce44091fd29c41f656035954b9a936d81b3cfeb254,common_voice_en_21185570.mp3,The civil parish includes part of Rose Hill.,2,0,thirties,male,New Zealand English,en,
6934ea90f68dd79d019e2960360dbbf4b7a82acd27c8d6501839402a4db19a60fe1f105bca4c2fcde170b0ce44091fd29c41f656035954b9a936d81b3cfeb254,common_voice_en_21185647.mp3,"During this first stage, the terrain is steeper and more irregular.",2,0,thirties,male,New Zealand English,en,
6934ea90f68dd79d019e2960360dbbf4b7a82acd27c8d6501839402a4db19a60fe1f105bca4c2fcde170b0ce44091fd29c41f656035954b9a936d81b3cfeb254,common_voice_en_21203430.mp3,They also produce card games and family games.,2,0,thirties,male,New Zealand English,en,
6934ea90f68dd79d019e2960360dbbf4b7a82acd27c8d6501839402a4db19a60fe1f105bca4c2fcde170b0ce44091fd29c41f656035954b9a936d81b3cfeb254,common_voice_en_21206838.mp3,In Haughey's second government Fitzgerald returned to the position of Minister for Labour.,2,0,thirties,male,New Zealand English,en,
6934ea90f68dd79d019e2960360dbbf4b7a82acd27c8d6501839402a4db19a60fe1f105bca4c2fcde170b0ce44091fd29c41f656035954b9a936d81b3cfeb254,common_voice_en_21207719.mp3,"In the rainstorm, the French infantrymen could no longer fire their wet muskets.",2,0,thirties,male,New Zealand English,en,
6934ea90f68dd79d019e2960360dbbf4b7a82acd27c8d6501839402a4db19a60fe1f105bca4c2fcde170b0ce44091fd29c41f656035954b9a936d81b3cfeb254,common_voice_en_21207923.mp3,"Each verse is firstly articulated in regular French, then translated in slang.",2,0,thirties,male,New Zealand English,en,
6934ea90f68dd79d019e2960360dbbf4b7a82acd27c8d6501839402a4db19a60fe1f105bca4c2fcde170b0ce44091fd29c41f656035954b9a936d81b3cfeb254,common_voice_en_21208043.mp3,It was further agreed that Winter Games would be held every four years.,2,0,thirties,male,New Zealand English,en,
6934ea90f68dd79d019e2960360dbbf4b7a82acd27c8d6501839402a4db19a60fe1f105bca4c2fcde170b0ce44091fd29c41f656035954b9a936d81b3cfeb254,common_voice_en_21208403.mp3,Agate Point is the northernmost point on Bainbridge Island.,2,0,thirties,male,New Zealand English,en,
6934ea90f68dd79d019e2960360dbbf4b7a82acd27c8d6501839402a4db19a60fe1f105bca4c2fcde170b0ce44091fd29c41f656035954b9a936d81b3cfeb254,common_voice_en_21208423.mp3,Besides there is no female saint in christianity with this name.,2,1,thirties,male,New Zealand English,en,
6934ea90f68dd79d019e2960360dbbf4b7a82acd27c8d6501839402a4db19a60fe1f105bca4c2fcde170b0ce44091fd29c41f656035954b9a936d81b3cfeb254,common_voice_en_21209890.mp3,Both are African American vernacular art forms.,2,0,thirties,male,New Zealand English,en,
6934ea90f68dd79d019e2960360dbbf4b7a82acd27c8d6501839402a4db19a60fe1f105bca4c2fcde170b0ce44091fd29c41f656035954b9a936d81b3cfeb254,common_voice_en_21210055.mp3,"After substantial cryptanalysis, the algorithm is considered broken.",2,0,thirties,male,New Zealand English,en,
6934ea90f68dd79d019e2960360dbbf4b7a82acd27c8d6501839402a4db19a60fe1f105bca4c2fcde170b0ce44091fd29c41f656035954b9a936d81b3cfeb254,common_voice_en_21210225.mp3,The alpha channel is normally used as an opacity channel.,2,0,thirties,male,New Zealand English,en,
6934ea90f68dd79d019e2960360dbbf4b7a82acd27c8d6501839402a4db19a60fe1f105bca4c2fcde170b0ce44091fd29c41f656035954b9a936d81b3cfeb254,common_voice_en_21230340.mp3,The film is about a group of characters living in a small Wyoming town.,2,0,thirties,male,New Zealand English,en,
